Subject,Start Date,Start Time,End Date,End Time,Description
Morning Planning,2025-06-30,08:30,2025-06-30,09:00,Review ASO metrics & CPI from soft launch week
Vehicle Auction & Bidding System,2025-06-30,09:00,2025-06-30,11:00,Deep Work – Real-time platform
VIP-NGO Platform,2025-06-30,11:30,2025-06-30,13:00,Draft outreach templates for NGO partnerships (Pillar 3)
Nexbit Campaign,2025-06-30,14:00,2025-06-30,15:00,Adapt Nexbit ad strategies to Vigilia Meta Ads creatives (Pillar 2)
Admin Tasks,2025-06-30,15:00,2025-06-30,16:00,Set up reporting template for DAUs, retention
Project Flex / Overflow,2025-06-30,16:00,2025-06-30,18:00,TikTok content outline for “1 Tap SOS” videos (Pillar 2, Organic)

Morning Planning,2025-07-01,08:30,2025-07-01,09:00,Review top-performing creatives + CPI tracking
AutoValuationPro,2025-07-01,09:00,2025-07-01,11:00,Deep Work – Core valuation system
Arybit Food,2025-07-01,11:30,2025-07-01,13:00,Integrate refer-a-friend model into demo logic (Pillar 4)
Video Streaming Platform,2025-07-01,14:00,2025-07-01,16:00,Plan secure streaming feature demo for campus safety training
Deep Work / Coding,2025-07-01,16:00,2025-07-01,18:00,Implement gamified onboarding: Safety Circle, badges (Pillar 1 + 4)

Morning Planning,2025-07-02,08:30,2025-07-02,09:00,Check DAUs vs MAUs >30%, flag dips
Vehicle Auction & Bidding System,2025-07-02,09:00,2025-07-02,11:00,Integrate leaderboard metrics for safety challenge
Arybit Energy,2025-07-02,11:30,2025-07-02,13:00,Research telco bundle models (Pillar 3)
Java Resistivity App,2025-07-02,14:00,2025-07-02,16:00,N/A
Team & Admin,2025-07-02,16:00,2025-07-02,18:00,Align dev team on campus campaign milestones for M3

Morning Planning,2025-07-03,08:30,2025-07-03,09:00,Review influencer campaign performance
GeoInterpret™,2025-07-03,09:00,2025-07-03,11:00,N/A
Resistivity App,2025-07-03,11:30,2025-07-03,13:00,N/A
AI Dashboard – Vision,2025-07-03,14:00,2025-07-03,16:00,Research behavioral triggers using AI for unsafe times (Pillar 1)
GeoInterpret QA,2025-07-03,16:00,2025-07-03,18:00,QA ASO screenshots + keyword plan (Pillar 2, Organic)

Morning Planning,2025-07-04,08:30,2025-07-04,09:00,Push “Safety Week Challenge” email & app notifications
AutoValuationPro,2025-07-04,09:00,2025-07-04,11:00,N/A
Video Streaming Platform,2025-07-04,11:30,2025-07-04,13:00,Plan integration with Influencer live safety demos (Pillar 5)
Reports & Admin,2025-07-04,14:00,2025-07-04,16:00,Update CAC vs CPI vs DAU dashboard
Weekly Wrap-up,2025-07-04,16:00,2025-07-04,18:00,Retrospective: growth so far vs M1 milestone (5,000–10,000 users)

Team Planning & Coffee,2025-07-05,08:30,2025-07-05,09:00,Brainstorm July referral ideas: Safety Circle Challenge
Product Demo Review,2025-07-05,09:00,2025-07-05,10:00,Review NGO and telco pitch decks (Pillar 3)
Investor Deck Updates,2025-07-05,10:00,2025-07-05,11:00,Align with M1–M3 rollout goals
Coseffe Project,2025-07-05,11:30,2025-07-05,13:00,Apply virality ideas from Coseffe to Vigilia loops
Nexbit Creative Session,2025-07-05,13:00,2025-07-05,14:00,Create 3 IG reels for “escape stories” + app use (Pillar 2, Organic)
AI Dashboard – Vision,2025-07-05,14:00,2025-07-05,16:00,Build AI trigger prototype (unsafe zones)
Strategy & Innovation,2025-07-05,16:00,2025-07-05,18:00,Refine viral roadmap for M2–M4: campuses, refer-a-friend
Learning & Upskilling,2025-07-05,18:00,2025-07-05,19:00,Read latest on gamification & virality psychology


